-0.00210726664146229,0.513810124464897,1.18654533064979,0.716450464589115,-0.0129707555741099,1.54964202531282,0
-0.00210726664146229,0.513810124464897,1.18654533064979,0.716450464589115,-0.0129707555741099,1.54964202531282,0
0.018898990374418,1.47366003053565,3.49853097498754,1.21348465772342,0.0329438972483625,2.92279225937853,1
1.08145945698512e-16,0.5,1,0.706753492740219,-5.62820794767043e-16,1.5015,1
-3.20115286200544e-17,2,2,1.41350698548044,-6.65102395849183e-17,1.5015,1
0.172070204361394,1.26135829396646,4,1.13565239003828,1.82675693626629,7.1767743159267,1
-0.0014356057480589,0.506387518003022,1.29636405015304,0.711255015680395,0.00188325290377258,1.55469064951442,0
-0.0014356057480589,0.506387518003022,1.29636405015304,0.711255015680395,0.00188325290377258,1.55469064951442,0
0.0240570677764255,1.3641900554754,4.31143767265619,1.16764976373789,-0.00860021573446544,2.96663705651691,1
1.08145945698512e-16,0.5,1,0.706753492740219,-5.62820794767043e-16,1.5015,1
-3.20115286200544e-17,2,2,1.41350698548044,-6.65102395849183e-17,1.5015,1
0.172070204361394,1.26135829396646,4,1.13565239003828,1.82675693626629,7.1767743159267,1
-0.000864680915757864,0.516196711560359,1.2421269529907,0.718109864994845,0.0103785184489705,1.56417256388316,0
-0.000864680915757864,0.516196711560359,1.2421269529907,0.718109864994845,0.0103785184489705,1.56417256388316,0
0.0065877373000139,1.41828364857586,4.26420410539313,1.19034036312174,0.0527950948099087,3.12641116783942,1
1.08145945698512e-16,0.5,1,0.706753492740219,-5.62820794767043e-16,1.5015,1
-3.20115286200544e-17,2,2,1.41350698548044,-6.65102395849183e-17,1.5015,1
0.172070204361394,1.26135829396646,4,1.13565239003828,1.82675693626629,7.1767743159267,1
-5.81235743798364e-05,0.509279030525969,1.23608685690408,0.713281335550043,0.0118219603256101,1.57055304912481,0
-5.81235743798364e-05,0.509279030525969,1.23608685690408,0.713281335550043,0.0118219603256101,1.57055304912481,0
0.00164987864837648,1.58530003824529,3.79647440542895,1.25845899576542,-0.0540053745808816,2.71193486550482,1
1.08145945698512e-16,0.5,1,0.706753492740219,-5.62820794767043e-16,1.5015,1
-3.20115286200544e-17,2,2,1.41350698548044,-6.65102395849183e-17,1.5015,1
0.172070204361394,1.26135829396646,4,1.13565239003828,1.82675693626629,7.1767743159267,1
0.000898915929421994,0.508612856996709,1.32565847999886,0.712815235733856,0.0143778307986414,1.54894506566856,0
0.000898915929421994,0.508612856996709,1.32565847999886,0.712815235733856,0.0143778307986414,1.54894506566856,0
0.0413012134257608,1.45261102834833,3.76803574984353,1.20534877056821,0.0675178313704635,2.8412556273483,1
1.08145945698512e-16,0.5,1,0.706753492740219,-5.62820794767043e-16,1.5015,1
-3.20115286200544e-17,2,2,1.41350698548044,-6.65102395849183e-17,1.5015,1
0.172070204361394,1.26135829396646,4,1.13565239003828,1.82675693626629,7.1767743159267,1
0.00282041878422169,0.511482251592828,1.24405846043104,0.714828115755553,0.017270453343265,1.55060922275209,0
0.00282041878422169,0.511482251592828,1.24405846043104,0.714828115755553,0.017270453343265,1.55060922275209,0
-0.030932562399108,1.49508504973142,3.84328513119087,1.22251719075427,0.0110139631217919,2.92282052790142,1
1.08145945698512e-16,0.5,1,0.706753492740219,-5.62820794767043e-16,1.5015,1
-3.20115286200544e-17,2,2,1.41350698548044,-6.65102395849183e-17,1.5015,1
0.172070204361394,1.26135829396646,4,1.13565239003828,1.82675693626629,7.1767743159267,1
-0.00445578666306851,0.498819789065676,1.22595125931041,0.705932944147576,-0.00459340627107965,1.55253384607251,0
-0.00445578666306851,0.498819789065676,1.22595125931041,0.705932944147576,-0.00459340627107965,1.55253384607251,0
0.0116881631690278,1.47971979290804,4.05548424125149,1.2158857530685,0.0267411115093304,2.85581694824436,1
1.08145945698512e-16,0.5,1,0.706753492740219,-5.62820794767043e-16,1.5015,1
-3.20115286200544e-17,2,2,1.41350698548044,-6.65102395849183e-17,1.5015,1
0.172070204361394,1.26135829396646,4,1.13565239003828,1.82675693626629,7.1767743159267,1
0.000363912652413404,0.512674846290769,1.27233298319198,0.715655514922914,0.00750222600950626,1.55381214054153,0
0.000363912652413404,0.512674846290769,1.27233298319198,0.715655514922914,0.00750222600950626,1.55381214054153,0
-0.0151705006001935,1.44330001993561,3.38930204567431,1.20086981220376,0.0309525315244084,2.7999153245505,1
1.08145945698512e-16,0.5,1,0.706753492740219,-5.62820794767043e-16,1.5015,1
-3.20115286200544e-17,2,2,1.41350698548044,-6.65102395849183e-17,1.5015,1
0.172070204361394,1.26135829396646,4,1.13565239003828,1.82675693626629,7.1767743159267,1
-0.00399912307392536,0.511848959975925,1.2354250857734,0.715089935140281,-0.00544803385566084,1.550294916768,0
-0.00399912307392536,0.511848959975925,1.2354250857734,0.715089935140281,-0.00544803385566084,1.550294916768,0
0.0501980584143756,1.421050132657,3.42532342458413,1.1925394531098,-0.0470145121663345,2.64439112176027,1
1.08145945698512e-16,0.5,1,0.706753492740219,-5.62820794767043e-16,1.5015,1
-3.20115286200544e-17,2,2,1.41350698548044,-6.65102395849183e-17,1.5015,1
0.172070204361394,1.26135829396646,4,1.13565239003828,1.82675693626629,7.1767743159267,1
-0.00175404344587943,0.51297176625758,1.24436290392013,0.715864780261635,1.49822255207578e-05,1.58654413740307,0
-0.00175404344587943,0.51297176625758,1.24436290392013,0.715864780261635,1.49822255207578e-05,1.58654413740307,0
-0.0204490986091176,1.40474213696612,3.14750913544436,1.18480249991375,0.0945294331867509,2.71672266483505,1
1.08145945698512e-16,0.5,1,0.706753492740219,-5.62820794767043e-16,1.5015,1
-3.20115286200544e-17,2,2,1.41350698548044,-6.65102395849183e-17,1.5015,1
0.172070204361394,1.26135829396646,4,1.13565239003828,1.82675693626629,7.1767743159267,1
-0.00121124720074847,0.504811810871799,1.28633715664035,0.710147147067572,0.00613196093527588,1.55611097289806,0
-0.00121124720074847,0.504811810871799,1.28633715664035,0.710147147067572,0.00613196093527588,1.55611097289806,0
0.0313813578928975,1.55181292554741,4.36363785898596,1.24549084802247,0.0276667508088354,2.92468511887618,1
1.08145945698512e-16,0.5,1,0.706753492740219,-5.62820794767043e-16,1.5015,1
-3.20115286200544e-17,2,2,1.41350698548044,-6.65102395849183e-17,1.5015,1
0.172070204361394,1.26135829396646,4,1.13565239003828,1.82675693626629,7.1767743159267,1
-0.00218078421595577,0.515427744910927,1.26109370583183,0.717577583191284,-0.00695606979181708,1.54468569544581,0
-0.00218078421595577,0.515427744910927,1.26109370583183,0.717577583191284,-0.00695606979181708,1.54468569544581,0
0.068690435962001,1.45768874720206,3.48570698153605,1.2086980146753,-0.0557465626572132,2.77964214542184,1
1.08145945698512e-16,0.5,1,0.706753492740219,-5.62820794767043e-16,1.5015,1
-3.20115286200544e-17,2,2,1.41350698548044,-6.65102395849183e-17,1.5015,1
0.172070204361394,1.26135829396646,4,1.13565239003828,1.82675693626629,7.1767743159267,1
0.0022883247695304,0.50595820322648,1.25228937326566,0.710955685613565,0.00530341110293769,1.56109472422244,0
0.0022883247695304,0.50595820322648,1.25228937326566,0.710955685613565,0.00530341110293769,1.56109472422244,0
0.0231532530659084,1.4451369230497,3.44208944704316,1.20176091754867,-0.0105717777332814,2.8403334105896,1
1.08145945698512e-16,0.5,1,0.706753492740219,-5.62820794767043e-16,1.5015,1
-3.20115286200544e-17,2,2,1.41350698548044,-6.65102395849183e-17,1.5015,1
0.172070204361394,1.26135829396646,4,1.13565239003828,1.82675693626629,7.1767743159267,1
-0.00233061461423271,0.513203590043086,1.20091622917673,0.716028163488296,-0.0121446407529987,1.55873216472353,0
-0.00233061461423271,0.513203590043086,1.20091622917673,0.716028163488296,-0.0121446407529987,1.55873216472353,0
-0.0255607537313287,1.52147393579668,3.98693462441138,1.23312908243467,0.0632897588469081,2.63693052670562,1
1.08145945698512e-16,0.5,1,0.706753492740219,-5.62820794767043e-16,1.5015,1
-3.20115286200544e-17,2,2,1.41350698548044,-6.65102395849183e-17,1.5015,1
0.172070204361394,1.26135829396646,4,1.13565239003828,1.82675693626629,7.1767743159267,1
0.00364186798119108,0.513631913225551,1.27257573614465,0.716332365339939,0.00990711675209293,1.54549319176969,0
0.00364186798119108,0.513631913225551,1.27257573614465,0.716332365339939,0.00990711675209293,1.54549319176969,0
0.0601161035699468,1.56785284822832,3.42983508722952,1.25295670618545,-0.199855671019892,3.00802503342139,1
1.08145945698512e-16,0.5,1,0.706753492740219,-5.62820794767043e-16,1.5015,1
-3.20115286200544e-17,2,2,1.41350698548044,-6.65102395849183e-17,1.5015,1
0.172070204361394,1.26135829396646,4,1.13565239003828,1.82675693626629,7.1767743159267,1
-0.00259967315587896,0.512914916823012,1.18484097429495,0.715827683600754,-0.0197309925630278,1.5745019912396,0
-0.00259967315587896,0.512914916823012,1.18484097429495,0.715827683600754,-0.0197309925630278,1.5745019912396,0
-0.031826339300458,1.57746813806374,3.75096864829205,1.25574884498899,-0.0553298518333076,2.87179113447121,1
1.08145945698512e-16,0.5,1,0.706753492740219,-5.62820794767043e-16,1.5015,1
-3.20115286200544e-17,2,2,1.41350698548044,-6.65102395849183e-17,1.5015,1
0.172070204361394,1.26135829396646,4,1.13565239003828,1.82675693626629,7.1767743159267,1
-0.000283859006487001,0.511212364068662,1.30425534196575,0.714633992322078,-0.00260263919778623,1.56468461674723,0
-0.000283859006487001,0.511212364068662,1.30425534196575,0.714633992322078,-0.00260263919778623,1.56468461674723,0
0.0149822008734995,1.42608053715653,3.22161344673666,1.19368352071153,-0.0584546721276784,2.84391829758641,1
1.08145945698512e-16,0.5,1,0.706753492740219,-5.62820794767043e-16,1.5015,1
-3.20115286200544e-17,2,2,1.41350698548044,-6.65102395849183e-17,1.5015,1
0.172070204361394,1.26135829396646,4,1.13565239003828,1.82675693626629,7.1767743159267,1
-0.00305333793713361,0.518599227508836,1.29761328771239,0.719785015983962,0.0111268930485164,1.56602753135679,0
-0.00305333793713361,0.518599227508836,1.29761328771239,0.719785015983962,0.0111268930485164,1.56602753135679,0
0.0273765576226016,1.47142923303009,3.8984562866078,1.21272781351118,0.101301623872223,2.842758602345,1
1.08145945698512e-16,0.5,1,0.706753492740219,-5.62820794767043e-16,1.5015,1
-3.20115286200544e-17,2,2,1.41350698548044,-6.65102395849183e-17,1.5015,1
0.172070204361394,1.26135829396646,4,1.13565239003828,1.82675693626629,7.1767743159267,1
0.00181688491486452,0.50613158060457,1.19385981926915,0.711076125123544,-0.00508351023095769,1.56444101107994,0
0.00181688491486452,0.50613158060457,1.19385981926915,0.711076125123544,-0.00508351023095769,1.56444101107994,0
-0.00863824763270888,1.47026292611346,3.87169668876257,1.21196895641086,-0.04307352270494,2.76279290666388,1
1.08145945698512e-16,0.5,1,0.706753492740219,-5.62820794767043e-16,1.5015,1
-3.20115286200544e-17,2,2,1.41350698548044,-6.65102395849183e-17,1.5015,1
0.172070204361394,1.26135829396646,4,1.13565239003828,1.82675693626629,7.1767743159267,1
0.00130817863888547,0.503421603130212,1.17765674703955,0.709168806263444,-0.00637740802872467,1.54681691629039,0
0.00130817863888547,0.503421603130212,1.17765674703955,0.709168806263444,-0.00637740802872467,1.54681691629039,0
0.0316619796227449,1.63335462559209,3.79084475217412,1.2777814303092,-0.0699672349258029,2.87883331970814,1
1.08145945698512e-16,0.5,1,0.706753492740219,-5.62820794767043e-16,1.5015,1
-3.20115286200544e-17,2,2,1.41350698548044,-6.65102395849183e-17,1.5015,1
0.172070204361394,1.26135829396646,4,1.13565239003828,1.82675693626629,7.1767743159267,1
0.00155534704786008,0.511395351253306,1.20414885790958,0.714763517459418,-0.0167435996794564,1.57461756155726,0
0.00155534704786008,0.511395351253306,1.20414885790958,0.714763517459418,-0.0167435996794564,1.57461756155726,0
-0.0349663255688565,1.5413150467777,3.3369441500307,1.2413693710697,0.0572182037653092,2.750693861116,1
1.08145945698512e-16,0.5,1,0.706753492740219,-5.62820794767043e-16,1.5015,1
-3.20115286200544e-17,2,2,1.41350698548044,-6.65102395849183e-17,1.5015,1
0.172070204361394,1.26135829396646,4,1.13565239003828,1.82675693626629,7.1767743159267,1
-0.00241716123350862,0.523403693343999,1.22118603811578,0.723109020272805,-0.00144480543031298,1.55054979660487,0
-0.00241716123350862,0.523403693343999,1.22118603811578,0.723109020272805,-0.00144480543031298,1.55054979660487,0
0.0298492697289358,1.42295611479531,3.45524826560436,1.1926548365384,0.073385395898172,2.70795187188345,1
1.08145945698512e-16,0.5,1,0.706753492740219,-5.62820794767043e-16,1.5015,1
-3.20115286200544e-17,2,2,1.41350698548044,-6.65102395849183e-17,1.5015,1
0.172070204361394,1.26135829396646,4,1.13565239003828,1.82675693626629,7.1767743159267,1
0.000364186365566927,0.51475631523717,1.24953592207642,0.717106830113697,-0.00557583189395198,1.56418601276686,0
0.000364186365566927,0.51475631523717,1.24953592207642,0.717106830113697,-0.00557583189395198,1.56418601276686,0
0.00167127587885897,1.56937443603984,3.57932760584368,1.25212196793024,-0.0504562350733718,2.66251161131162,1
1.08145945698512e-16,0.5,1,0.706753492740219,-5.62820794767043e-16,1.5015,1
-3.20115286200544e-17,2,2,1.41350698548044,-6.65102395849183e-17,1.5015,1
0.172070204361394,1.26135829396646,4,1.13565239003828,1.82675693626629,7.1767743159267,1
-0.00174174834541386,0.514008832672615,1.18312848433611,0.716588006474137,-0.0140753950225353,1.5604765034046,0
-0.00174174834541386,0.514008832672615,1.18312848433611,0.716588006474137,-0.0140753950225353,1.5604765034046,0
0.0141809384644008,1.46611658316082,3.49829867139113,1.21031112952221,-0.00430330295987235,2.84377315782932,1
1.08145945698512e-16,0.5,1,0.706753492740219,-5.62820794767043e-16,1.5015,1
-3.20115286200544e-17,2,2,1.41350698548044,-6.65102395849183e-17,1.5015,1
0.172070204361394,1.26135829396646,4,1.13565239003828,1.82675693626629,7.1767743159267,1
-0.00209089133871392,0.51500531539549,1.29890178262627,0.717283205155056,0.00391590198890867,1.56266111183122,0
-0.00209089133871392,0.51500531539549,1.29890178262627,0.717283205155056,0.00391590198890867,1.56266111183122,0
0.0324688232931528,1.60321918070497,3.66825088290939,1.26596674033241,-0.00641202878221547,2.74230810526435,1
1.08145945698512e-16,0.5,1,0.706753492740219,-5.62820794767043e-16,1.5015,1
-3.20115286200544e-17,2,2,1.41350698548044,-6.65102395849183e-17,1.5015,1
0.172070204361394,1.26135829396646,4,1.13565239003828,1.82675693626629,7.1767743159267,1
0.00148216285325463,0.503543430991185,1.1939883415276,0.709254952331888,-0.0127478384675406,1.57139534938717,0
0.00148216285325463,0.503543430991185,1.1939883415276,0.709254952331888,-0.0127478384675406,1.57139534938717,0
-0.0376143012953247,1.48730238166134,3.17244279650513,1.21952097184025,-0.0176762381433478,2.67871353133223,1
1.08145945698512e-16,0.5,1,0.706753492740219,-5.62820794767043e-16,1.5015,1
-3.20115286200544e-17,2,2,1.41350698548044,-6.65102395849183e-17,1.5015,1
0.172070204361394,1.26135829396646,4,1.13565239003828,1.82675693626629,7.1767743159267,1
0.00434529739829718,0.512484883693723,1.23651719813874,0.715536017536797,0.01034065963897,1.55001728690505,0
0.00434529739829718,0.512484883693723,1.23651719813874,0.715536017536797,0.01034065963897,1.55001728690505,0
0.0460690381624089,1.388243396919,3.81952244192327,1.17854948842033,-0.023935955466929,3.20553690033215,1
1.08145945698512e-16,0.5,1,0.706753492740219,-5.62820794767043e-16,1.5015,1
-3.20115286200544e-17,2,2,1.41350698548044,-6.65102395849183e-17,1.5015,1
0.172070204361394,1.26135829396646,4,1.13565239003828,1.82675693626629,7.1767743159267,1
-0.00205452686474533,0.510924468693739,1.31205012212094,0.714435634413442,-0.000950346653978012,1.55820667084966,0
-0.00205452686474533,0.510924468693739,1.31205012212094,0.714435634413442,-0.000950346653978012,1.55820667084966,0
-0.0175306163564164,1.40562466293288,3.55385749405253,1.18512774206,0.0282467844196312,2.67331898713166,1
1.08145945698512e-16,0.5,1,0.706753492740219,-5.62820794767043e-16,1.5015,1
-3.20115286200544e-17,2,2,1.41350698548044,-6.65102395849183e-17,1.5015,1
0.172070204361394,1.26135829396646,4,1.13565239003828,1.82675693626629,7.1767743159267,1
0.000746890550645439,0.509153695299663,1.23736625162059,0.713193948442433,0.0141279967446768,1.5688925141049,0
0.000746890550645439,0.509153695299663,1.23736625162059,0.713193948442433,0.0141279967446768,1.5688925141049,0
-0.0218410985871389,1.60905437387987,3.83681136896916,1.26803941600425,-0.0758794433930147,2.88428677387839,1
1.08145945698512e-16,0.5,1,0.706753492740219,-5.62820794767043e-16,1.5015,1
-3.20115286200544e-17,2,2,1.41350698548044,-6.65102395849183e-17,1.5015,1
0.172070204361394,1.26135829396646,4,1.13565239003828,1.82675693626629,7.1767743159267,1
-0.00116027167301837,0.514810320628547,1.20577330242735,0.717145292694792,0.00967273858855949,1.55118393069469,0
-0.00116027167301837,0.514810320628547,1.20577330242735,0.717145292694792,0.00967273858855949,1.55118393069469,0
0.0306810806942154,1.58184172295016,3.8898573132023,1.25745886223019,-0.0285885393660182,2.77816389990996,1
1.08145945698512e-16,0.5,1,0.706753492740219,-5.62820794767043e-16,1.5015,1
-3.20115286200544e-17,2,2,1.41350698548044,-6.65102395849183e-17,1.5015,1
0.172070204361394,1.26135829396646,4,1.13565239003828,1.82675693626629,7.1767743159267,1
0.00624094640598689,0.516206934031429,1.17790303364335,0.718143573528778,-0.012834184008255,1.55461448688698,0
0.00624094640598689,0.516206934031429,1.17790303364335,0.718143573528778,-0.012834184008255,1.55461448688698,0
-0.00905094492761592,1.46232770260938,4.10880663886977,1.20869713136819,-0.048638037548072,2.90895150199272,1
1.08145945698512e-16,0.5,1,0.706753492740219,-5.62820794767043e-16,1.5015,1
-3.20115286200544e-17,2,2,1.41350698548044,-6.65102395849183e-17,1.5015,1
0.172070204361394,1.26135829396646,4,1.13565239003828,1.82675693626629,7.1767743159267,1
2.21282840572351e-05,0.515937014670352,1.25605068321025,0.717928682786066,-0.00233526299586429,1.56230609153396,0
2.21282840572351e-05,0.515937014670352,1.25605068321025,0.717928682786066,-0.00233526299586429,1.56230609153396,0
0.0440294213959947,1.512346801587,4.45654414866295,1.22994900527211,0.0526980347812197,2.81564778182738,1
1.08145945698512e-16,0.5,1,0.706753492740219,-5.62820794767043e-16,1.5015,1
-3.20115286200544e-17,2,2,1.41350698548044,-6.65102395849183e-17,1.5015,1
0.172070204361394,1.26135829396646,4,1.13565239003828,1.82675693626629,7.1767743159267,1
-0.00206729730184079,0.508468723717179,1.18939312632587,0.712716659460377,-0.0303958201429324,1.55665223545831,0
-0.00206729730184079,0.508468723717179,1.18939312632587,0.712716659460377,-0.0303958201429324,1.55665223545831,0
-0.0716105838951377,1.49704244880812,3.36121974846369,1.22502039886364,-0.0153958038837334,2.8150180816553,1
1.08145945698512e-16,0.5,1,0.706753492740219,-5.62820794767043e-16,1.5015,1
-3.20115286200544e-17,2,2,1.41350698548044,-6.65102395849183e-17,1.5015,1
0.172070204361394,1.26135829396646,4,1.13565239003828,1.82675693626629,7.1767743159267,1
0.000725643831788921,0.517505423464723,1.17801880289311,0.719019444513612,0.00109110792572439,1.55497917125132,0
0.000725643831788921,0.517505423464723,1.17801880289311,0.719019444513612,0.00109110792572439,1.55497917125132,0
0.000448248498963963,1.47523772684986,3.41706639214827,1.21398688782609,-0.0607759997848489,2.81019635321416,1
1.08145945698512e-16,0.5,1,0.706753492740219,-5.62820794767043e-16,1.5015,1
-3.20115286200544e-17,2,2,1.41350698548044,-6.65102395849183e-17,1.5015,1
0.172070204361394,1.26135829396646,4,1.13565239003828,1.82675693626629,7.1767743159267,1
0.00200920462129736,0.501448080018362,1.26998989291147,0.707779040229849,0.000678298499417787,1.57956049359957,0
0.00200920462129736,0.501448080018362,1.26998989291147,0.707779040229849,0.000678298499417787,1.57956049359957,0
-0.0328707778209891,1.56283668518692,3.6012804245263,1.24994235779563,0.00324163275255563,2.69666116045355,1
1.08145945698512e-16,0.5,1,0.706753492740219,-5.62820794767043e-16,1.5015,1
-3.20115286200544e-17,2,2,1.41350698548044,-6.65102395849183e-17,1.5015,1
0.172070204361394,1.26135829396646,4,1.13565239003828,1.82675693626629,7.1767743159267,1
-0.00559193074588183,0.506624331510117,1.26431691145174,0.711441833874202,-0.00607135100973492,1.55450796044265,0
-0.00559193074588183,0.506624331510117,1.26431691145174,0.711441833874202,-0.00607135100973492,1.55450796044265,0
0.0249539343664759,1.55577430037062,3.2348472929885,1.24693334991518,-0.0257882350949284,2.59818436493407,1
1.08145945698512e-16,0.5,1,0.706753492740219,-5.62820794767043e-16,1.5015,1
-3.20115286200544e-17,2,2,1.41350698548044,-6.65102395849183e-17,1.5015,1
0.172070204361394,1.26135829396646,4,1.13565239003828,1.82675693626629,7.1767743159267,1
0.00285553940657124,0.517520827985763,1.23922323414315,0.719035449937556,0.0010865545712545,1.55838627481668,0
0.00285553940657124,0.517520827985763,1.23922323414315,0.719035449937556,0.0010865545712545,1.55838627481668,0
-0.0392932027478901,1.53738423982446,4.10606165351969,1.23991626621123,0.03054764132503,2.67179092425375,1
1.08145945698512e-16,0.5,1,0.706753492740219,-5.62820794767043e-16,1.5015,1
-3.20115286200544e-17,2,2,1.41350698548044,-6.65102395849183e-17,1.5015,1
0.172070204361394,1.26135829396646,4,1.13565239003828,1.82675693626629,7.1767743159267,1
0.00137323861629347,0.505180042131229,1.32263703288782,0.710406399569121,-0.00817164090352656,1.57221500591997,0
0.00137323861629347,0.505180042131229,1.32263703288782,0.710406399569121,-0.00817164090352656,1.57221500591997,0
-0.00315989743983199,1.55393983170619,3.93398673102836,1.24595241851917,-0.0505623256835963,2.72337870181664,1
1.08145945698512e-16,0.5,1,0.706753492740219,-5.62820794767043e-16,1.5015,1
-3.20115286200544e-17,2,2,1.41350698548044,-6.65102395849183e-17,1.5015,1
0.172070204361394,1.26135829396646,4,1.13565239003828,1.82675693626629,7.1767743159267,1
0.00111333067437094,0.516666549737917,1.24014543287912,0.718436941452602,-0.0077566128878767,1.55974357571071,0
0.00111333067437094,0.516666549737917,1.24014543287912,0.718436941452602,-0.0077566128878767,1.55974357571071,0
-0.0768596401031889,1.55467258168951,3.73968974977379,1.24860997373242,-0.0157799941395086,2.78733699266438,1
1.08145945698512e-16,0.5,1,0.706753492740219,-5.62820794767043e-16,1.5015,1
-3.20115286200544e-17,2,2,1.41350698548044,-6.65102395849183e-17,1.5015,1
0.172070204361394,1.26135829396646,4,1.13565239003828,1.82675693626629,7.1767743159267,1
0.00142310637611702,0.505162753028688,1.22773977135396,0.710394341310171,-0.000616470389987636,1.5603891651512,0
0.00142310637611702,0.505162753028688,1.22773977135396,0.710394341310171,-0.000616470389987636,1.5603891651512,0
0.0454115286860044,1.45237353922427,4.23180950221486,1.20539820123694,-0.0599697013504311,2.8422835523734,1
1.08145945698512e-16,0.5,1,0.706753492740219,-5.62820794767043e-16,1.5015,1
-3.20115286200544e-17,2,2,1.41350698548044,-6.65102395849183e-17,1.5015,1
0.172070204361394,1.26135829396646,4,1.13565239003828,1.82675693626629,7.1767743159267,1
-0.00151380342044596,0.508383190481641,1.1906681843371,0.712655321152709,-0.0152511215251843,1.54616743050895,0
-0.00151380342044596,0.508383190481641,1.1906681843371,0.712655321152709,-0.0152511215251843,1.54616743050895,0
-0.00194853465345453,1.50055665415559,4.10215650719824,1.22436162686778,0.0425773029838434,3.01014095345536,1
1.08145945698512e-16,0.5,1,0.706753492740219,-5.62820794767043e-16,1.5015,1
-3.20115286200544e-17,2,2,1.41350698548044,-6.65102395849183e-17,1.5015,1
0.172070204361394,1.26135829396646,4,1.13565239003828,1.82675693626629,7.1767743159267,1
0.00530818820077944,0.514685864655553,1.24933310189594,0.717077310911847,0.00235616101851026,1.55257758806629,0
0.00530818820077944,0.514685864655553,1.24933310189594,0.717077310911847,0.00235616101851026,1.55257758806629,0
0.0196918654879926,1.41608170470506,3.31380331830377,1.18956076231262,-0.106199358296058,2.78658786568205,1
1.08145945698512e-16,0.5,1,0.706753492740219,-5.62820794767043e-16,1.5015,1
-3.20115286200544e-17,2,2,1.41350698548044,-6.65102395849183e-17,1.5015,1
0.172070204361394,1.26135829396646,4,1.13565239003828,1.82675693626629,7.1767743159267,1
-0.00046300904727935,0.512651031320341,1.23347190938659,0.715638950033668,0.00277699537609402,1.56243851916339,0
-0.00046300904727935,0.512651031320341,1.23347190938659,0.715638950033668,0.00277699537609402,1.56243851916339,0
-0.0362053521416861,1.46138927972038,3.78010835062318,1.20881767768912,-0.0875648760940878,2.89770432293871,1
1.08145945698512e-16,0.5,1,0.706753492740219,-5.62820794767043e-16,1.5015,1
-3.20115286200544e-17,2,2,1.41350698548044,-6.65102395849183e-17,1.5015,1
0.172070204361394,1.26135829396646,4,1.13565239003828,1.82675693626629,7.1767743159267,1
-0.00403321849776171,0.509172196522777,1.26499059330393,0.713217918900835,-0.00232388217849923,1.55960119289021,0
-0.00403321849776171,0.509172196522777,1.26499059330393,0.713217918900835,-0.00232388217849923,1.55960119289021,0
-0.00661925362808633,1.42620998268775,3.21116202502442,1.19366201749442,0.0321840598919678,2.74276516092799,1
1.08145945698512e-16,0.5,1,0.706753492740219,-5.62820794767043e-16,1.5015,1
-3.20115286200544e-17,2,2,1.41350698548044,-6.65102395849183e-17,1.5015,1
0.172070204361394,1.26135829396646,4,1.13565239003828,1.82675693626629,7.1767743159267,1
0.000199045072196351,0.509053121725926,1.31499549839587,0.713123142779505,0.0106524827842421,1.55002852221044,0
0.000199045072196351,0.509053121725926,1.31499549839587,0.713123142779505,0.0106524827842421,1.55002852221044,0
-0.00715143190575765,1.52842571827143,4.8790642973359,1.23569816801284,-0.00815627801394632,2.98885816964866,1
1.08145945698512e-16,0.5,1,0.706753492740219,-5.62820794767043e-16,1.5015,1
-3.20115286200544e-17,2,2,1.41350698548044,-6.65102395849183e-17,1.5015,1
0.172070204361394,1.26135829396646,4,1.13565239003828,1.82675693626629,7.1767743159267,1
0.00328187221571914,0.512169047126226,1.2777070448253,0.715309835261428,-0.00681791942974608,1.57800098959577,0
0.00328187221571914,0.512169047126226,1.2777070448253,0.715309835261428,-0.00681791942974608,1.57800098959577,0
0.0337266277140341,1.48789719349689,3.53612911026163,1.21965087960905,0.0653145613944455,2.82716513131418,1
1.08145945698512e-16,0.5,1,0.706753492740219,-5.62820794767043e-16,1.5015,1
-3.20115286200544e-17,2,2,1.41350698548044,-6.65102395849183e-17,1.5015,1
0.172070204361394,1.26135829396646,4,1.13565239003828,1.82675693626629,7.1767743159267,1
0.00424846813724379,0.508727625689538,1.16688390580111,0.71290774702255,-0.00627606971459146,1.5610330624032,0
0.00424846813724379,0.508727625689538,1.16688390580111,0.71290774702255,-0.00627606971459146,1.5610330624032,0
0.00554392054648906,1.32566989984365,3.15599728676568,1.1508154888358,0.0326791522095717,2.9725667121437,1
1.08145945698512e-16,0.5,1,0.706753492740219,-5.62820794767043e-16,1.5015,1
-3.20115286200544e-17,2,2,1.41350698548044,-6.65102395849183e-17,1.5015,1
0.172070204361394,1.26135829396646,4,1.13565239003828,1.82675693626629,7.1767743159267,1
-0.0018580024914912,0.50785303439948,1.23138174402367,0.712284452226796,0.00433858626144585,1.53536702721811,0
-0.0018580024914912,0.50785303439948,1.23138174402367,0.712284452226796,0.00433858626144585,1.53536702721811,0
0.0171096185499611,1.43951045375463,3.98530516705187,1.19931860671807,-0.04936962910578,3.00024968971955,1
1.08145945698512e-16,0.5,1,0.706753492740219,-5.62820794767043e-16,1.5015,1
-3.20115286200544e-17,2,2,1.41350698548044,-6.65102395849183e-17,1.5015,1
0.172070204361394,1.26135829396646,4,1.13565239003828,1.82675693626629,7.1767743159267,1
-0.00455051226898693,0.508743392768676,1.24553732505561,0.712920658119103,0.00459464768237923,1.55571390477841,0
-0.00455051226898693,0.508743392768676,1.24553732505561,0.712920658119103,0.00459464768237923,1.55571390477841,0
0.0369632619720577,1.51864682716028,3.99352976930797,1.23227268905808,0.0777369166759814,3.01846694327237,1
1.08145945698512e-16,0.5,1,0.706753492740219,-5.62820794767043e-16,1.5015,1
-3.20115286200544e-17,2,2,1.41350698548044,-6.65102395849183e-17,1.5015,1
0.172070204361394,1.26135829396646,4,1.13565239003828,1.82675693626629,7.1767743159267,1
0.00256607373349819,0.506869537086693,1.2171603134454,0.711596626360178,-0.00433966654478377,1.55531650343061,0
0.00256607373349819,0.506869537086693,1.2171603134454,0.711596626360178,-0.00433966654478377,1.55531650343061,0
0.0038325710508196,1.54216712267689,4.59986137243509,1.24122567842499,0.0109982944820966,2.74292662803947,1
1.08145945698512e-16,0.5,1,0.706753492740219,-5.62820794767043e-16,1.5015,1
-3.20115286200544e-17,2,2,1.41350698548044,-6.65102395849183e-17,1.5015,1
0.172070204361394,1.26135829396646,4,1.13565239003828,1.82675693626629,7.1767743159267,1
0.000217493176687219,0.503247067304467,1.22674716332381,0.709044688496267,0.00439950213741173,1.55760471130175,0
0.000217493176687219,0.503247067304467,1.22674716332381,0.709044688496267,0.00439950213741173,1.55760471130175,0
-0.0114384899459467,1.60275131216601,3.90361509220288,1.26541732288453,0.006457429686688,2.90904552326047,1
1.08145945698512e-16,0.5,1,0.706753492740219,-5.62820794767043e-16,1.5015,1
-3.20115286200544e-17,2,2,1.41350698548044,-6.65102395849183e-17,1.5015,1
0.172070204361394,1.26135829396646,4,1.13565239003828,1.82675693626629,7.1767743159267,1
0.00411743390491214,0.513724455108674,1.19070888954139,0.71639946756455,-0.00118219339075271,1.56432689214531,0
0.00411743390491214,0.513724455108674,1.19070888954139,0.71639946756455,-0.00118219339075271,1.56432689214531,0
0.040734818481637,1.56689823737158,3.90274928918537,1.25179560228651,0.0953455825643608,2.91580806868165,1
1.08145945698512e-16,0.5,1,0.706753492740219,-5.62820794767043e-16,1.5015,1
-3.20115286200544e-17,2,2,1.41350698548044,-6.65102395849183e-17,1.5015,1
0.172070204361394,1.26135829396646,4,1.13565239003828,1.82675693626629,7.1767743159267,1
0.00170643900771842,0.519523762894417,1.24131815477478,0.720421869511447,0.000195952783099275,1.55734447733995,0
0.00170643900771842,0.519523762894417,1.24131815477478,0.720421869511447,0.000195952783099275,1.55734447733995,0
-0.0252152733715508,1.57062577464314,3.67158514548888,1.25287370789574,-0.0381373024276898,2.88749221111943,1
1.08145945698512e-16,0.5,1,0.706753492740219,-5.62820794767043e-16,1.5015,1
-3.20115286200544e-17,2,2,1.41350698548044,-6.65102395849183e-17,1.5015,1
0.172070204361394,1.26135829396646,4,1.13565239003828,1.82675693626629,7.1767743159267,1
0.00150355798624926,0.509469120861178,1.30281319160335,0.713416022659356,-0.00121372311927009,1.55979842739121,0
0.00150355798624926,0.509469120861178,1.30281319160335,0.713416022659356,-0.00121372311927009,1.55979842739121,0
-0.0147271955177808,1.52006778505997,3.76214716408747,1.23238229706206,0.0354490807906307,2.68041121844818,1
1.08145945698512e-16,0.5,1,0.706753492740219,-5.62820794767043e-16,1.5015,1
-3.20115286200544e-17,2,2,1.41350698548044,-6.65102395849183e-17,1.5015,1
0.172070204361394,1.26135829396646,4,1.13565239003828,1.82675693626629,7.1767743159267,1
-0.00227922382969858,0.50539230503091,1.19385138917281,0.710557958561132,-0.000161267680294138,1.5701192470513,0
-0.00227922382969858,0.50539230503091,1.19385138917281,0.710557958561132,-0.000161267680294138,1.5701192470513,0
-0.017655481112541,1.45800319134628,3.64293995197698,1.20700387767185,-0.0233340720357473,2.92900379179193,1
1.08145945698512e-16,0.5,1,0.706753492740219,-5.62820794767043e-16,1.5015,1
-3.20115286200544e-17,2,2,1.41350698548044,-6.65102395849183e-17,1.5015,1
0.172070204361394,1.26135829396646,4,1.13565239003828,1.82675693626629,7.1767743159267,1
0.0025618190670872,0.512422311347799,1.20577438549998,0.715483727183075,-0.00698441610375173,1.54684737847428,0
0.0025618190670872,0.512422311347799,1.20577438549998,0.715483727183075,-0.00698441610375173,1.54684737847428,0
0.00449137057597059,1.51112373782293,3.51261653887694,1.22867176093083,-0.028886592779754,2.96516405736707,1
1.08145945698512e-16,0.5,1,0.706753492740219,-5.62820794767043e-16,1.5015,1
-3.20115286200544e-17,2,2,1.41350698548044,-6.65102395849183e-17,1.5015,1
0.172070204361394,1.26135829396646,4,1.13565239003828,1.82675693626629,7.1767743159267,1
0.00167300460204728,0.515624807814024,1.37430482843998,0.717713380856388,0.00375604915589935,1.568345289851,0
0.00167300460204728,0.515624807814024,1.37430482843998,0.717713380856388,0.00375604915589935,1.568345289851,0
0.0360623937850963,1.43187984989304,4.19720862154344,1.19655751919331,0.0291110392614873,2.77627482494267,1
1.08145945698512e-16,0.5,1,0.706753492740219,-5.62820794767043e-16,1.5015,1
-3.20115286200544e-17,2,2,1.41350698548044,-6.65102395849183e-17,1.5015,1
0.172070204361394,1.26135829396646,4,1.13565239003828,1.82675693626629,7.1767743159267,1
-0.00158713764948658,0.509753567525524,1.19924890867381,0.713615332100033,-0.00469079066122338,1.55129887290859,0
-0.00158713764948658,0.509753567525524,1.19924890867381,0.713615332100033,-0.00469079066122338,1.55129887290859,0
-0.00928665706919211,1.46479696167925,3.55392061227325,1.20971892191977,-0.0780151157935762,3.10544230197391,1
1.08145945698512e-16,0.5,1,0.706753492740219,-5.62820794767043e-16,1.5015,1
-3.20115286200544e-17,2,2,1.41350698548044,-6.65102395849183e-17,1.5015,1
0.172070204361394,1.26135829396646,4,1.13565239003828,1.82675693626629,7.1767743159267,1
0.00339155055972796,0.508492986824689,1.30126320664119,0.71273873504817,0.0144843631136051,1.55778832945851,0
0.00339155055972796,0.508492986824689,1.30126320664119,0.71273873504817,0.0144843631136051,1.55778832945851,0
-0.0128275808733544,1.46524930330049,3.67462213717423,1.20993804164253,-0.147086551394449,2.91237298958647,1
1.08145945698512e-16,0.5,1,0.706753492740219,-5.62820794767043e-16,1.5015,1
-3.20115286200544e-17,2,2,1.41350698548044,-6.65102395849183e-17,1.5015,1
0.172070204361394,1.26135829396646,4,1.13565239003828,1.82675693626629,7.1767743159267,1
0.0015126543573812,0.511654568699805,1.30572207983423,0.714944552673657,0.0143291413028911,1.56735855327159,0
0.0015126543573812,0.511654568699805,1.30572207983423,0.714944552673657,0.0143291413028911,1.56735855327159,0
0.0561905163582694,1.42192446106898,3.65022383872004,1.19317280024332,-0.0513791819951615,2.68371941092632,1
1.08145945698512e-16,0.5,1,0.706753492740219,-5.62820794767043e-16,1.5015,1
-3.20115286200544e-17,2,2,1.41350698548044,-6.65102395849183e-17,1.5015,1
0.172070204361394,1.26135829396646,4,1.13565239003828,1.82675693626629,7.1767743159267,1
0.007610108084096,0.50706512937967,1.25227450834357,0.711769966038124,0.00266229057054107,1.57165449863663,0
0.007610108084096,0.50706512937967,1.25227450834357,0.711769966038124,0.00266229057054107,1.57165449863663,0
0.0216804455046424,1.50138609777505,4.08232216209445,1.22489030254989,0.0602336190427651,2.78707718869242,1
1.08145945698512e-16,0.5,1,0.706753492740219,-5.62820794767043e-16,1.5015,1
-3.20115286200544e-17,2,2,1.41350698548044,-6.65102395849183e-17,1.5015,1
0.172070204361394,1.26135829396646,4,1.13565239003828,1.82675693626629,7.1767743159267,1
-0.00248008167993686,0.501881144258077,1.36501902055915,0.708086093140321,0.00152479293248896,1.57536844927565,0
-0.00248008167993686,0.501881144258077,1.36501902055915,0.708086093140321,0.00152479293248896,1.57536844927565,0
0.0517746671439009,1.57742887351786,3.60357907648598,1.25639708558052,0.049704132494499,2.70264029685222,1
1.08145945698512e-16,0.5,1,0.706753492740219,-5.62820794767043e-16,1.5015,1
-3.20115286200544e-17,2,2,1.41350698548044,-6.65102395849183e-17,1.5015,1
0.172070204361394,1.26135829396646,4,1.13565239003828,1.82675693626629,7.1767743159267,1
0.00029746191169568,0.512966302604947,1.23050957182755,0.715858880813656,0.00545934920272249,1.54772879744864,0
0.00029746191169568,0.512966302604947,1.23050957182755,0.715858880813656,0.00545934920272249,1.54772879744864,0
-0.0148903058374455,1.42918935757135,4.46318869482089,1.19498255936365,0.157852227168058,2.97777725316485,1
1.08145945698512e-16,0.5,1,0.706753492740219,-5.62820794767043e-16,1.5015,1
-3.20115286200544e-17,2,2,1.41350698548044,-6.65102395849183e-17,1.5015,1
0.172070204361394,1.26135829396646,4,1.13565239003828,1.82675693626629,7.1767743159267,1
-0.00153020336257313,0.510151339581281,1.30842351769603,0.713893577086759,0.00356917293684172,1.56962866828052,0
-0.00153020336257313,0.510151339581281,1.30842351769603,0.713893577086759,0.00356917293684172,1.56962866828052,0
0.0198506271757181,1.4734045243036,4.41893834277255,1.21339467573875,0.0057909085840583,2.90669285135552,1
1.08145945698512e-16,0.5,1,0.706753492740219,-5.62820794767043e-16,1.5015,1
-3.20115286200544e-17,2,2,1.41350698548044,-6.65102395849183e-17,1.5015,1
0.172070204361394,1.26135829396646,4,1.13565239003828,1.82675693626629,7.1767743159267,1
0.00316702497756979,0.510897595094082,1.2685710260509,0.714420910901553,0.0165925123372396,1.54051106800596,0
0.00316702497756979,0.510897595094082,1.2685710260509,0.714420910901553,0.0165925123372396,1.54051106800596,0
0.0209218555296729,1.60577346477753,3.41855762431336,1.26673083941335,0.087798085893087,2.69833546257771,1
1.08145945698512e-16,0.5,1,0.706753492740219,-5.62820794767043e-16,1.5015,1
-3.20115286200544e-17,2,2,1.41350698548044,-6.65102395849183e-17,1.5015,1
0.172070204361394,1.26135829396646,4,1.13565239003828,1.82675693626629,7.1767743159267,1
-0.0032521850871542,0.50480098642278,1.21192785797737,0.710145947281886,0.00354947740673271,1.57314468264311,0
-0.0032521850871542,0.50480098642278,1.21192785797737,0.710145947281886,0.00354947740673271,1.57314468264311,0
0.0312694602207764,1.51411266700153,4.33852095484283,1.23027551632839,-0.00230736452964266,2.70524505210106,1
1.08145945698512e-16,0.5,1,0.706753492740219,-5.62820794767043e-16,1.5015,1
-3.20115286200544e-17,2,2,1.41350698548044,-6.65102395849183e-17,1.5015,1
0.172070204361394,1.26135829396646,4,1.13565239003828,1.82675693626629,7.1767743159267,1
-0.000291926145509706,0.514437195870156,1.19081701266887,0.716884480107104,0.00327590001379638,1.56551592319928,0
-0.000291926145509706,0.514437195870156,1.19081701266887,0.716884480107104,0.00327590001379638,1.56551592319928,0
-0.0503145978368053,1.53856650461159,3.21178915920781,1.24079048750864,-0.0750451273423187,2.72335026201031,1
1.08145945698512e-16,0.5,1,0.706753492740219,-5.62820794767043e-16,1.5015,1
-3.20115286200544e-17,2,2,1.41350698548044,-6.65102395849183e-17,1.5015,1
0.172070204361394,1.26135829396646,4,1.13565239003828,1.82675693626629,7.1767743159267,1
-0.000674622960235058,0.513766890244274,1.23638637115232,0.71641754007269,0.0102938666319386,1.57483339578391,0
-0.000674622960235058,0.513766890244274,1.23638637115232,0.71641754007269,0.0102938666319386,1.57483339578391,0
-0.052065720051144,1.50129791959068,4.19632142595196,1.2257687223427,0.116924855881803,3.03197106696858,1
1.08145945698512e-16,0.5,1,0.706753492740219,-5.62820794767043e-16,1.5015,1
-3.20115286200544e-17,2,2,1.41350698548044,-6.65102395849183e-17,1.5015,1
0.172070204361394,1.26135829396646,4,1.13565239003828,1.82675693626629,7.1767743159267,1
0.00162980040456741,0.504805120235215,1.36224432800114,0.710143278265139,-0.00628929110069797,1.54991612567165,0
0.00162980040456741,0.504805120235215,1.36224432800114,0.710143278265139,-0.00628929110069797,1.54991612567165,0
-0.00190622230314867,1.64072845446748,3.95401421074265,1.2802706740318,-0.100249520799576,2.82942333014648,1
1.08145945698512e-16,0.5,1,0.706753492740219,-5.62820794767043e-16,1.5015,1
-3.20115286200544e-17,2,2,1.41350698548044,-6.65102395849183e-17,1.5015,1
0.172070204361394,1.26135829396646,4,1.13565239003828,1.82675693626629,7.1767743159267,1
0.00262938267770003,0.511820201646785,1.26037686608842,0.715063498164531,0.00048909037665159,1.54204729643924,0
0.00262938267770003,0.511820201646785,1.26037686608842,0.715063498164531,0.00048909037665159,1.54204729643924,0
0.00733043451876287,1.52145187811065,3.87132073440905,1.2328769936351,0.125714211767291,2.73625777992684,1
1.08145945698512e-16,0.5,1,0.706753492740219,-5.62820794767043e-16,1.5015,1
-3.20115286200544e-17,2,2,1.41350698548044,-6.65102395849183e-17,1.5015,1
0.172070204361394,1.26135829396646,4,1.13565239003828,1.82675693626629,7.1767743159267,1
0.00447057670810343,0.508650166103058,1.21830146375996,0.712854831038608,-0.00348533777502224,1.54468350979375,0
0.00447057670810343,0.508650166103058,1.21830146375996,0.712854831038608,-0.00348533777502224,1.54468350979375,0
0.0221163980231795,1.47173874969807,3.23712572450468,1.21274796073973,-0.111305070754519,2.84325253976474,1
1.08145945698512e-16,0.5,1,0.706753492740219,-5.62820794767043e-16,1.5015,1
-3.20115286200544e-17,2,2,1.41350698548044,-6.65102395849183e-17,1.5015,1
0.172070204361394,1.26135829396646,4,1.13565239003828,1.82675693626629,7.1767743159267,1
-0.000725792506938995,0.507281554312096,1.34353173890587,0.711881525471287,0.00300595350790708,1.54950366427264,0
-0.000725792506938995,0.507281554312096,1.34353173890587,0.711881525471287,0.00300595350790708,1.54950366427264,0
-0.0468205178399898,1.63391968132929,4.05049159600183,1.27846765888941,0.00356872719167833,2.95671620144949,1
1.08145945698512e-16,0.5,1,0.706753492740219,-5.62820794767043e-16,1.5015,1
-3.20115286200544e-17,2,2,1.41350698548044,-6.65102395849183e-17,1.5015,1
0.172070204361394,1.26135829396646,4,1.13565239003828,1.82675693626629,7.1767743159267,1
-0.00443187433070172,0.508507885703201,1.2658508211764,0.712754885867131,-0.0292344316807233,1.57098525800704,0
-0.00443187433070172,0.508507885703201,1.2658508211764,0.712754885867131,-0.0292344316807233,1.57098525800704,0
-0.00256979431883078,1.51241039675353,4.59666455050939,1.22918920476024,-0.0766144195200673,2.80705885816,1
1.08145945698512e-16,0.5,1,0.706753492740219,-5.62820794767043e-16,1.5015,1
-3.20115286200544e-17,2,2,1.41350698548044,-6.65102395849183e-17,1.5015,1
0.172070204361394,1.26135829396646,4,1.13565239003828,1.82675693626629,7.1767743159267,1
0.00258352012351778,0.513124089418516,1.27046289685796,0.715973569705477,-0.0053489117533832,1.55885321403998,0
0.00258352012351778,0.513124089418516,1.27046289685796,0.715973569705477,-0.0053489117533832,1.55885321403998,0
0.038714282539815,1.47965326049657,3.63791779340686,1.21641846462627,0.0436640913517786,2.81663335681321,1
1.08145945698512e-16,0.5,1,0.706753492740219,-5.62820794767043e-16,1.5015,1
-3.20115286200544e-17,2,2,1.41350698548044,-6.65102395849183e-17,1.5015,1
0.172070204361394,1.26135829396646,4,1.13565239003828,1.82675693626629,7.1767743159267,1
-0.00222045034301544,0.511697171789403,1.20452527997565,0.714976164779866,0.00154450568859782,1.55899648045265,0
-0.00222045034301544,0.511697171789403,1.20452527997565,0.714976164779866,0.00154450568859782,1.55899648045265,0
-0.0453695644829888,1.5533468335522,4.01348537209865,1.24653657623636,0.115529233627471,3.08409963095724,1
1.08145945698512e-16,0.5,1,0.706753492740219,-5.62820794767043e-16,1.5015,1
-3.20115286200544e-17,2,2,1.41350698548044,-6.65102395849183e-17,1.5015,1
0.172070204361394,1.26135829396646,4,1.13565239003828,1.82675693626629,7.1767743159267,1
-0.00194820390491898,0.511853411272057,1.21518218229105,0.7150845157751,0.00736774253761732,1.56121526282886,0
-0.00194820390491898,0.511853411272057,1.21518218229105,0.7150845157751,0.00736774253761732,1.56121526282886,0
0.024280444641856,1.42193345201451,3.55845707726079,1.19210002896881,0.049634152063707,2.57863953820948,1
1.08145945698512e-16,0.5,1,0.706753492740219,-5.62820794767043e-16,1.5015,1
-3.20115286200544e-17,2,2,1.41350698548044,-6.65102395849183e-17,1.5015,1
0.172070204361394,1.26135829396646,4,1.13565239003828,1.82675693626629,7.1767743159267,1
0.00658328844603117,0.513437079883063,1.19150318242539,0.716217491697948,-0.00999410668981055,1.55829429594386,0
0.00658328844603117,0.513437079883063,1.19150318242539,0.716217491697948,-0.00999410668981055,1.55829429594386,0
0.0178910778308196,1.45049309748265,2.97310124116631,1.20389540413408,-0.146661998771872,2.65576453335058,1
1.08145945698512e-16,0.5,1,0.706753492740219,-5.62820794767043e-16,1.5015,1
-3.20115286200544e-17,2,2,1.41350698548044,-6.65102395849183e-17,1.5015,1
0.172070204361394,1.26135829396646,4,1.13565239003828,1.82675693626629,7.1767743159267,1
0.0022389429247536,0.507194892346743,1.1987780537928,0.711823866562523,-0.00042639167082871,1.53998703351518,0
0.0022389429247536,0.507194892346743,1.1987780537928,0.711823866562523,-0.00042639167082871,1.53998703351518,0
0.0643239129814113,1.40729349443615,3.28969915309907,1.18744480823765,-0.102090818149222,2.68604403731189,1
1.08145945698512e-16,0.5,1,0.706753492740219,-5.62820794767043e-16,1.5015,1
-3.20115286200544e-17,2,2,1.41350698548044,-6.65102395849183e-17,1.5015,1
0.172070204361394,1.26135829396646,4,1.13565239003828,1.82675693626629,7.1767743159267,1
0.00126001701695534,0.509722612806473,1.26943441931546,0.713593012192488,-0.00767781232411328,1.56625513208389,0
0.00126001701695534,0.509722612806473,1.26943441931546,0.713593012192488,-0.00767781232411328,1.56625513208389,0
0.0177197541355525,1.39538256374379,3.32810918818021,1.18080589635013,-0.0440504021529357,2.78959380427106,1
1.08145945698512e-16,0.5,1,0.706753492740219,-5.62820794767043e-16,1.5015,1
-3.20115286200544e-17,2,2,1.41350698548044,-6.65102395849183e-17,1.5015,1
0.172070204361394,1.26135829396646,4,1.13565239003828,1.82675693626629,7.1767743159267,1
0.00107654337306401,0.505711049706705,1.21876001897646,0.710779151923069,-0.0190763721288824,1.55933009559733,0
0.00107654337306401,0.505711049706705,1.21876001897646,0.710779151923069,-0.0190763721288824,1.55933009559733,0
-0.0109738546541356,1.55573280109788,3.28769678128155,1.24671530349209,-0.0033414598486682,2.56543084093893,1
1.08145945698512e-16,0.5,1,0.706753492740219,-5.62820794767043e-16,1.5015,1
-3.20115286200544e-17,2,2,1.41350698548044,-6.65102395849183e-17,1.5015,1
0.172070204361394,1.26135829396646,4,1.13565239003828,1.82675693626629,7.1767743159267,1
0.0060372884695196,0.506668257184792,1.26189152864497,0.711476312987134,-0.000962859529899628,1.55335156822484,0
0.0060372884695196,0.506668257184792,1.26189152864497,0.711476312987134,-0.000962859529899628,1.55335156822484,0
0.00527858533990444,1.47497325646893,3.78305712346391,1.21388945961954,0.107750692899711,2.80531462068803,1
1.08145945698512e-16,0.5,1,0.706753492740219,-5.62820794767043e-16,1.5015,1
-3.20115286200544e-17,2,2,1.41350698548044,-6.65102395849183e-17,1.5015,1
0.172070204361394,1.26135829396646,4,1.13565239003828,1.82675693626629,7.1767743159267,1
0.00855130285025954,0.516172084481799,1.24524613817737,0.718143128376358,0.00691492994262583,1.58058774950914,0
0.00855130285025954,0.516172084481799,1.24524613817737,0.718143128376358,0.00691492994262583,1.58058774950914,0
-0.0299659433796108,1.50377933224172,3.34901905913311,1.22604037982,0.0274647179612774,2.58188804415874,1
1.08145945698512e-16,0.5,1,0.706753492740219,-5.62820794767043e-16,1.5015,1
-3.20115286200544e-17,2,2,1.41350698548044,-6.65102395849183e-17,1.5015,1
0.172070204361394,1.26135829396646,4,1.13565239003828,1.82675693626629,7.1767743159267,1
-0.00667347946298626,0.510062503327476,1.2843966142947,0.713860970851637,-8.40551589069979e-05,1.57177801968001,0
-0.00667347946298626,0.510062503327476,1.2843966142947,0.713860970851637,-8.40551589069979e-05,1.57177801968001,0
-0.0421534056254439,1.47057721938378,3.56994391175867,1.21280048683958,0.0344403928621914,2.80840675319611,1
1.08145945698512e-16,0.5,1,0.706753492740219,-5.62820794767043e-16,1.5015,1
-3.20115286200544e-17,2,2,1.41350698548044,-6.65102395849183e-17,1.5015,1
0.172070204361394,1.26135829396646,4,1.13565239003828,1.82675693626629,7.1767743159267,1
-0.00141230287235774,0.513786036949138,1.24064689002952,0.71643196382096,-0.0192782025825645,1.54059143943658,0
-0.00141230287235774,0.513786036949138,1.24064689002952,0.71643196382096,-0.0192782025825645,1.54059143943658,0
0.0309319046518745,1.45949104443116,4.24253263735296,1.20788649886698,0.0652317763935641,2.88325301482238,1
1.08145945698512e-16,0.5,1,0.706753492740219,-5.62820794767043e-16,1.5015,1
-3.20115286200544e-17,2,2,1.41350698548044,-6.65102395849183e-17,1.5015,1
0.172070204361394,1.26135829396646,4,1.13565239003828,1.82675693626629,7.1767743159267,1
-0.000832314229358584,0.509054344450591,1.20056300425487,0.713124457159419,0.00644476845816487,1.56930922287589,0
-0.000832314229358584,0.509054344450591,1.20056300425487,0.713124457159419,0.00644476845816487,1.56930922287589,0
-0.0593530994938075,1.47499075758527,3.56972980687425,1.21533535732507,-0.0680488644941328,2.74213292441396,1
1.08145945698512e-16,0.5,1,0.706753492740219,-5.62820794767043e-16,1.5015,1
-3.20115286200544e-17,2,2,1.41350698548044,-6.65102395849183e-17,1.5015,1
0.172070204361394,1.26135829396646,4,1.13565239003828,1.82675693626629,7.1767743159267,1
0.000636816365516108,0.518895003698849,1.22516287748237,0.719984050244768,-0.0098034697111842,1.55405975730245,0
0.000636816365516108,0.518895003698849,1.22516287748237,0.719984050244768,-0.0098034697111842,1.55405975730245,0
-0.00268344118222785,1.65536314355377,3.82991549901959,1.28596914231105,-0.0891089751282203,2.90572111929965,1
1.08145945698512e-16,0.5,1,0.706753492740219,-5.62820794767043e-16,1.5015,1
-3.20115286200544e-17,2,2,1.41350698548044,-6.65102395849183e-17,1.5015,1
0.172070204361394,1.26135829396646,4,1.13565239003828,1.82675693626629,7.1767743159267,1
-0.0043065766539743,0.513491259824964,1.20605216372553,0.716237968936231,0.017437046452378,1.54278124357485,0
-0.0043065766539743,0.513491259824964,1.20605216372553,0.716237968936231,0.017437046452378,1.54278124357485,0
-0.0283818101014556,1.53182371128691,4.43977472994449,1.2373758301396,-0.0234651709711712,2.799349945988,1
1.08145945698512e-16,0.5,1,0.706753492740219,-5.62820794767043e-16,1.5015,1
-3.20115286200544e-17,2,2,1.41350698548044,-6.65102395849183e-17,1.5015,1
0.172070204361394,1.26135829396646,4,1.13565239003828,1.82675693626629,7.1767743159267,1
0.000992321080221283,0.515483748869057,1.27484958169735,0.717613938542232,-0.0129738428354687,1.56072674169991,0
0.000992321080221283,0.515483748869057,1.27484958169735,0.717613938542232,-0.0129738428354687,1.56072674169991,0
0.0072653135062441,1.52068356672986,3.80857776238827,1.2325652871584,0.0321675152075455,2.88251129018202,1
1.08145945698512e-16,0.5,1,0.706753492740219,-5.62820794767043e-16,1.5015,1
-3.20115286200544e-17,2,2,1.41350698548044,-6.65102395849183e-17,1.5015,1
0.172070204361394,1.26135829396646,4,1.13565239003828,1.82675693626629,7.1767743159267,1
0.00439422076400499,0.510560829857385,1.19567981590838,0.71419191276185,-0.00727281916395813,1.55005563994098,0
0.00439422076400499,0.510560829857385,1.19567981590838,0.71419191276185,-0.00727281916395813,1.55005563994098,0
-0.0139991084677956,1.4397463617055,3.4700136426639,1.19937651664927,-0.037689921657024,2.85194048777667,1
1.08145945698512e-16,0.5,1,0.706753492740219,-5.62820794767043e-16,1.5015,1
-3.20115286200544e-17,2,2,1.41350698548044,-6.65102395849183e-17,1.5015,1
0.172070204361394,1.26135829396646,4,1.13565239003828,1.82675693626629,7.1767743159267,1
0.000310360713993149,0.511273902185103,1.18489320861008,0.714677014720517,0.00445671694581015,1.56551079900054,0
0.000310360713993149,0.511273902185103,1.18489320861008,0.714677014720517,0.00445671694581015,1.56551079900054,0
-0.00766542374876555,1.44534779270226,3.8585942384342,1.20164996880734,0.0586344591704705,2.76274780739996,1
1.08145945698512e-16,0.5,1,0.706753492740219,-5.62820794767043e-16,1.5015,1
-3.20115286200544e-17,2,2,1.41350698548044,-6.65102395849183e-17,1.5015,1
0.172070204361394,1.26135829396646,4,1.13565239003828,1.82675693626629,7.1767743159267,1
-0.00259260086748303,0.508507053078114,1.30750300363881,0.712745238920154,0.0223870904668465,1.56300611840032,0
-0.00259260086748303,0.508507053078114,1.30750300363881,0.712745238920154,0.0223870904668465,1.56300611840032,0
0.0465241343655751,1.43331162214105,3.49641262130115,1.19751586105451,-0.100299932025195,2.85049667200348,1
1.08145945698512e-16,0.5,1,0.706753492740219,-5.62820794767043e-16,1.5015,1
-3.20115286200544e-17,2,2,1.41350698548044,-6.65102395849183e-17,1.5015,1
0.172070204361394,1.26135829396646,4,1.13565239003828,1.82675693626629,7.1767743159267,1
0.00291694575604555,0.511645378372761,1.26758023850915,0.714942482092913,-0.0172629852585365,1.56503519718572,0
0.00291694575604555,0.511645378372761,1.26758023850915,0.714942482092913,-0.0172629852585365,1.56503519718572,0
0.0471569938016115,1.56106223435638,3.81597693770788,1.2496905671762,0.107656366750126,2.68379313527592,1
1.08145945698512e-16,0.5,1,0.706753492740219,-5.62820794767043e-16,1.5015,1
-3.20115286200544e-17,2,2,1.41350698548044,-6.65102395849183e-17,1.5015,1
0.172070204361394,1.26135829396646,4,1.13565239003828,1.82675693626629,7.1767743159267,1
0.00377535704020809,0.517526643007613,1.24957575283664,0.719043730725065,0.00060861840305567,1.55557719717977,0
0.00377535704020809,0.517526643007613,1.24957575283664,0.719043730725065,0.00060861840305567,1.55557719717977,0
-0.0287435551475319,1.40362873645564,3.35932149455224,1.18450525617585,0.0538808665691211,2.84475268739172,1
1.08145945698512e-16,0.5,1,0.706753492740219,-5.62820794767043e-16,1.5015,1
-3.20115286200544e-17,2,2,1.41350698548044,-6.65102395849183e-17,1.5015,1
0.172070204361394,1.26135829396646,4,1.13565239003828,1.82675693626629,7.1767743159267,1
-0.00257206549175076,0.510674265986289,1.23011463104634,0.714262358944736,0.0156516935426847,1.55204117663089,0
-0.00257206549175076,0.510674265986289,1.23011463104634,0.714262358944736,0.0156516935426847,1.55204117663089,0
-0.0206060673213764,1.41563980447685,3.78936701829693,1.18939067967948,-0.01333956766528,2.87294713742523,1
1.08145945698512e-16,0.5,1,0.706753492740219,-5.62820794767043e-16,1.5015,1
-3.20115286200544e-17,2,2,1.41350698548044,-6.65102395849183e-17,1.5015,1
0.172070204361394,1.26135829396646,4,1.13565239003828,1.82675693626629,7.1767743159267,1
-0.00598387534757947,0.504337561838707,1.18732648518091,0.709837682061732,0.00428420782308119,1.56493033358722,0
-0.00598387534757947,0.504337561838707,1.18732648518091,0.709837682061732,0.00428420782308119,1.56493033358722,0
0.00192336254545541,1.48062964981608,3.5267448055631,1.2162048341625,-0.0317233533051631,2.60886863078475,1
1.08145945698512e-16,0.5,1,0.706753492740219,-5.62820794767043e-16,1.5015,1
-3.20115286200544e-17,2,2,1.41350698548044,-6.65102395849183e-17,1.5015,1
0.172070204361394,1.26135829396646,4,1.13565239003828,1.82675693626629,7.1767743159267,1
0.00112178029597319,0.507567259262755,1.21174878910662,0.712082479390361,-0.00219228306825207,1.5340539642144,0
0.00112178029597319,0.507567259262755,1.21174878910662,0.712082479390361,-0.00219228306825207,1.5340539642144,0
-0.0397845894677066,1.4898444866519,3.57953885409869,1.22063055183806,0.0220945115157015,2.82222807913868,1
1.08145945698512e-16,0.5,1,0.706753492740219,-5.62820794767043e-16,1.5015,1
-3.20115286200544e-17,2,2,1.41350698548044,-6.65102395849183e-17,1.5015,1
0.172070204361394,1.26135829396646,4,1.13565239003828,1.82675693626629,7.1767743159267,1
0.00566878328627499,0.510550243820844,1.27957597575151,0.714193488293735,-0.000492533083901964,1.54724983234228,0
0.00566878328627499,0.510550243820844,1.27957597575151,0.714193488293735,-0.000492533083901964,1.54724983234228,0
-0.0320261023603293,1.55982688250391,3.67702083968216,1.2487170556705,-0.124720093940745,2.93844139167264,1
1.08145945698512e-16,0.5,1,0.706753492740219,-5.62820794767043e-16,1.5015,1
-3.20115286200544e-17,2,2,1.41350698548044,-6.65102395849183e-17,1.5015,1
0.172070204361394,1.26135829396646,4,1.13565239003828,1.82675693626629,7.1767743159267,1
0.00211792589605772,0.512416751096035,1.19552606699509,0.715478393705838,0.00399925121881154,1.55217185160981,0
0.00211792589605772,0.512416751096035,1.19552606699509,0.715478393705838,0.00399925121881154,1.55217185160981,0
-0.0227301683029801,1.46471109776218,3.43481114128366,1.20986136001748,0.00235085054011,2.74575649650419,1
1.08145945698512e-16,0.5,1,0.706753492740219,-5.62820794767043e-16,1.5015,1
-3.20115286200544e-17,2,2,1.41350698548044,-6.65102395849183e-17,1.5015,1
0.172070204361394,1.26135829396646,4,1.13565239003828,1.82675693626629,7.1767743159267,1
0.00410909452249874,0.510892135732864,1.29729224850633,0.714421891207626,0.0103858060547472,1.55223042894803,0
0.00410909452249874,0.510892135732864,1.29729224850633,0.714421891207626,0.0103858060547472,1.55223042894803,0
0.0375303308430195,1.50129455170746,3.90646391478182,1.22523601101326,0.075786449051801,2.77715401094793,1
1.08145945698512e-16,0.5,1,0.706753492740219,-5.62820794767043e-16,1.5015,1
-3.20115286200544e-17,2,2,1.41350698548044,-6.65102395849183e-17,1.5015,1
0.172070204361394,1.26135829396646,4,1.13565239003828,1.82675693626629,7.1767743159267,1
0.00168615995432076,0.509028559698591,1.31151201753237,0.71310790403299,0.0135254477098757,1.55889135474392,0
0.00168615995432076,0.509028559698591,1.31151201753237,0.71310790403299,0.0135254477098757,1.55889135474392,0
0.0131051398737539,1.52865787355156,4.18934710279963,1.23584080184296,0.0343637092323539,2.77179305867352,1
1.08145945698512e-16,0.5,1,0.706753492740219,-5.62820794767043e-16,1.5015,1
-3.20115286200544e-17,2,2,1.41350698548044,-6.65102395849183e-17,1.5015,1
0.172070204361394,1.26135829396646,4,1.13565239003828,1.82675693626629,7.1767743159267,1
